WKT,名稱,說明
"POINT (120.369917 22.338132 0.0)",小琉球碧雲寺觀音佛祖,
"POINT (120.362474 22.338438 0.0)",山豬溝生態步道,
"POINT (120.355731 22.330208 0.0)",烏鬼洞,
"POINT (120.353433 22.325006 0.0)",落日亭,
"POINT (120.366518 22.328838 0.0)",白燈塔,
"POLYGON ((120.362474 22.338438, 120.3619699 22.3380321, 120.3615837 22.3375161, 120.3613691 22.3369207, 120.3613262 22.3362856, 120.3613262 22.3355313, 120.3609828 22.335055, 120.3608112 22.3343405, 120.3601245 22.3337053, 120.3594808 22.3332687, 120.35888 22.332832, 120.3580217 22.3322763, 120.3572063 22.3318396, 120.3566055 22.3313632, 120.3561763 22.3308869, 120.3558759 22.3305296, 120.3554468 22.3299342, 120.354803 22.3291005, 120.3544168 22.3287035, 120.3538589 22.3279493, 120.3536872 22.3272347, 120.3534297 22.3264408, 120.3534727 22.3257262, 120.353433 22.325006, 120.3539447 22.324297, 120.3544597 22.3240191, 120.3549318 22.323781, 120.3554897 22.3235031, 120.3560047 22.3234237, 120.3569488 22.3232649, 120.3577642 22.3227488, 120.3584937 22.32259, 120.3593521 22.3224709, 120.360382 22.3225503, 120.3612832 22.32259, 120.3620986 22.3228282, 120.3629569 22.3234634, 120.3637294 22.3238603, 120.3645448 22.3243367, 120.3650169 22.3251307, 120.3658752 22.3261629, 120.3664331 22.3268377, 120.3665618 22.327592, 120.3667335 22.3282272, 120.366518 22.328838, 120.3677635 22.3291005, 120.3688793 22.3294181, 120.3692226 22.3299342, 120.3698663 22.3307281, 120.3704242 22.3313235, 120.3713684 22.3320381, 120.3718833 22.3327526, 120.3723554 22.3334275, 120.3728275 22.3344596, 120.3728704 22.3355313, 120.3727416 22.3365634, 120.3724412 22.3375955, 120.37154 22.3380718, 120.3704242 22.3384688, 120.3698234 22.3386276, 120.3685359 22.3387863, 120.3669481 22.3391039, 120.3655319 22.3392627, 120.3642873 22.339223, 120.3627424 22.3389054, 120.362474 22.338438))",多邊形 8,
