WKT,名稱,說明
"POINT (120.369917 22.338132 0.0)",小琉球碧雲寺觀音佛祖,
"POINT (120.38831 22.344869 0.0)",龍蝦洞,
"POINT (120.386977 22.351119 0.0)",中澳沙灘,
"POINT (120.380753 22.355647 0.0)",花瓶石,
"POINT (120.37321 22.353556 0.0)",美人洞,
"POINT (120.362474 22.338438 0.0)",山豬溝生態步道,
"POLYGON ((120.37321 22.353556, 120.3727307 22.3531883, 120.3722157 22.3527517, 120.3717008 22.3523945, 120.3709712 22.352196, 120.3701129 22.352196, 120.3691258 22.3520769, 120.3684392 22.3517594, 120.3676667 22.3514419, 120.3669801 22.3509259, 120.3662076 22.3504099, 120.3657355 22.3497748, 120.3650918 22.3490604, 120.3644051 22.3482666, 120.3637614 22.3475918, 120.3630319 22.3469964, 120.3621735 22.3465201, 120.3616586 22.3461232, 120.3616586 22.3453293, 120.3620019 22.3443767, 120.362431 22.3435828, 120.3628173 22.3430271, 120.3631606 22.342392, 120.3634181 22.3414791, 120.3636327 22.3404073, 120.3633323 22.3396134, 120.362474 22.338438, 120.363461 22.3381844, 120.3642764 22.3383432, 120.3651776 22.3383432, 120.3660788 22.3385417, 120.3674521 22.3385417, 120.3683534 22.3385417, 120.3692975 22.3384226, 120.369917 22.338132, 120.370585 22.3379463, 120.3720012 22.3377081, 120.3728166 22.3374699, 120.373589 22.3374699, 120.3747048 22.3373111, 120.3754773 22.3371524, 120.3762498 22.3371524, 120.3773656 22.3373508, 120.378181 22.3375493, 120.3789105 22.338105, 120.3801551 22.3388195, 120.3810134 22.339018, 120.3816571 22.3394547, 120.3826871 22.3400898, 120.383717 22.3403279, 120.3844895 22.3407249, 120.3851762 22.3414791, 120.3859486 22.341876, 120.386764 22.342392, 120.3873219 22.3433844, 120.3877511 22.3442179, 120.38831 22.344869, 120.3885236 22.3457659, 120.3883519 22.3467583, 120.3883519 22.3477109, 120.3882661 22.3492985, 120.3880515 22.3502114, 120.3873649 22.3508862, 120.386977 22.351119, 120.3857341 22.3513625, 120.3843179 22.3520372, 120.383245 22.3524738, 120.3825154 22.3531089, 120.3819146 22.3539027, 120.381228 22.3546965, 120.380713 22.3552125, 120.380753 22.355647, 120.3804984 22.356165, 120.3795113 22.3556491, 120.3788247 22.35553, 120.3777089 22.3553712, 120.3765931 22.355014, 120.3757777 22.3547759, 120.3745332 22.3542202, 120.3740182 22.3539821, 120.37321 22.353556))",多邊形 17,
